name,state,D_H,D_w,D_b,D_aian,D_a,D_limitedeng,HS13a_uninsured,HS13b_PrivateIns,SEF05_married,SEF14b_CollageBAPlus,SEF19_employed,SEF25_severehouse,sef26_occupantsrm,SEF27_housingburden30,SEF28_medHHInc,SEF31_SingleParent,SEF36_ChildPoverty,SEF37_GiniInd,SEF38_poverty,HO49_Diabetes,HO53_ActivityLimit,HB50_Fruit,HB38_inactivity,HB41_currentsmoker,HO22_ExVgGoodHealthStatAdult,HO24_PhysUnhealthyDays,HO25_MentUnhealthyDays,HO33_OverwtAdult,HO47_CVD,HO48_Stroke,HS11_NotAffordDoc,HS19_DentalVisit,HS21_Mammogram,HB06_AnyBreastfeed,HO30_Chlamydia,HO32_HIV,PS03_TobaccoTax,hs23_crcscreen,HO01_AllMort,HO02_CVDMort,HO03_CancerMort,HO04_LowerRespMort,HO05_CerebroMort,HO06_AlzheimersMort,HO07_DiabetesMort,HO08_KidneyMort,HO15_SuicideMort,HO16_HomicideMort,HO17_InfantMort,HO18_LifeExpect,HO20_YLL75,HS02_ACSdischarge,PSE44_violentcrimerate,PS78b_Income_FPL1,PS76a_Education_All,HS07b_PCPratio2000,HS08_MentCarShort,HS25_AcuteReAdm,PSE05b_WalkabilityPop,PSE45_SocialCapital,PSE60_FineParticulateMatter,SEF40a_ConPov20,SEF42a_HighMinority,SEF42b_PoorHighMinority,Ho27_LBW,Ho28a_TeenBirth15to19,SEF07_ECEnoHS,SEF12_ReadProf8,pse06_parks,SEF45_adultjail,PSE35b_ACES2,PSE36_VIOLCRIME,PSE25_SafeSchool,PSE01_NHamenities,HB03_Binge,HO35_OverwtChild,HO39_OralProbs,HO40_adolasthma,HB10_RxAbuse,HB09_IllicitDrug,PSE41_TeenMentor,SEF48_foodinsecure,HO11_MotorVehMort,PS_PolicyRankings
Alabama,AL,4,66.2,26.4,0.5,1.2,1.2,11.6,66.4,47.9,24,8.3,13.83023034,1.692704887,27.28035435,44758,37.87545276,26.5,47.69,18.4,13.459818,27.72468516,51.69430812,29.44426983,21.5381544,77.3889819,4.646992,4.481227,69.54791074,6.116927071,4.625524095,16.44649664,62.29588517,72.72967405,67.3,543.6,302.4,0.675,69.2,921,295,182.8,55.2,49.9,35.4,22.5,18.5,14.8,9.5,9.1,75.5,9929.9,62,532.3,997.7806184,1836.536212,0.3627099,0.8474542,14.40696,0.019312804,-0.41259257,12.8,0.327111,0.1611091,0.28934173,10.3,30,54,26,23,572,26.9288534,4.127945441,75.04804317,1.852011738,10.13390208,35.48686048,14.30243083,15.37510527,4.4,3.4,96.7,18.1,23.99,23.52941177
Alaska,AK,6.7,62,3.1,13.7,5.9,2.2,16.9,65.8,48.3,28.8,7.8,17.62543209,6.517873199,29.3731892,74444,30.37038623,14.4,41.74,10.1,7.638046929,20.82177974,58.98824426,19.07362829,19.0354082,86.16890602,3.83873,3.474672,66.6554776,2.793719957,2.171937686,12.98613552,65.42031668,62.7211715,87.3,768.3,109.3,2,63.4,736.9,192.8,168.6,39.4,38.2,21.1,20.3,10,24.1,6.2,5.4,78.7,8144.3,36,804.2,10614.27672,4268.636103,0.0574155,0.1056695,12.79863,,,,0.082741,0.12347274,0.25603549,5.9,29,51,31,63,282,23.07476259,4.54049116,79.97330193,2.380090624,13.38585305,26.259158,13.89646332,9.791157062,8.5,3.8,94.7,12.7,12.9,20.58823529
Arizona,AZ,30.5,56.1,4,4,3,4.5,13.6,61.5,47.2,28,8,15.65474399,4.463479601,32.00979698,51340,35.82915136,25.3,46.82,17.7,10.07470264,20.56482961,60.34271453,23.08137905,14.71475109,81.43790658,4.180603,3.791449,63.24601082,4.376883293,3.380057898,13.58527468,61.2559269,68.44594876,81.6,481.1,270,2,62.6,673,187.1,146.8,43.3,29.5,33.1,24.1,5.2,17.7,5.8,5.4,80,6892,36.1,470.1,1563.394723,1756.299294,0.1616402,0.2403189,14.15082,0.031465571,-1.7504394,10.1,0.283727,0.21945658,0.42934457,7.3,26,51,31,64,589,30.19468326,5.879741137,71.19396647,2.749591303,15.91510607,26.93161842,14.32839645,11.41622112,6.6,4.5,96.6,14.6,14.11,32.35294118
Arkansas,AR,7,73.4,15.4,0.5,1.4,1.6,12.3,60.4,50.1,21.5,6.9,12.25391597,2.610908645,25.87255142,42336,35.44416278,26.8,47.08,18.8,12.64250196,27.59954796,50.39034278,32.50843678,23.58488517,74.43146318,5.230855,5.011947,68.21720433,7.099048831,4.777547297,15.33779977,57.6409219,67.96996421,67.1,545,214.8,1.15,64.9,894,282.6,189.1,59.3,46.9,34.7,24.6,20.1,17.7,8,8.1,76,9257.5,61.8,550.9,1536.104543,1969.401228,0.3714510,0.591873,15.28541,0.015020872,-0.8439757,11.8,0.371909,0.09816882,0.17978491,8.8,38,60,27,22,585,29.82745765,4.980351261,70.05613235,1.98254329,11.61591786,33.90145083,17.06906544,8.788101392,7.8,3.7,97,17.5,20.89,42.64705882
California,CA,38.6,38.4,5.6,0.4,13.7,9.4,12.6,61.8,46.6,32,8.7,18.89963191,8.200759452,42.79999503,63783,31.65551845,21.9,48.80,15.8,10.04345744,19.10779976,64.18327118,20.46022262,10.97292811,82.15635219,3.603116,3.536875,61.02474916,3.289943743,2.433738557,11.36353634,67.11101651,74.34067112,92.8,487.5,376.4,2.87,70.8,620.7,200.6,147.8,33.5,35.5,32.6,20.9,7.9,10.3,5,4.2,81.4,5180.3,36.2,445.3,5801.087995,2722.826429,0.1214480,0.1301561,14.56592,0.198730244,-1.5077689,9.3,0.235219,0.44522045,0.6096308,6.8,19,61,28,65,332,16.34716821,1.959213457,72.74358151,3.179927072,7.276330415,31.18947908,15.09798544,10.85345281,6.1,4.1,95,11.8,10.22,41.17647059
Colorado,CO,21.1,69,3.9,0.5,2.9,3,10.9,69.8,50.8,38.7,6,15.34892495,2.613110836,32.74584523,62520,27.95982866,15.7,45.90,12.2,6.753567608,19.56989313,64.23236518,15.82863903,15.59333176,85.53006769,3.416436,3.589863,58.09892656,3.063841986,2.41351239,12.0370067,67.00928405,68.32136366,81,445.4,253.6,0.84,67.5,664,175.7,141.7,46.8,33.7,29.9,15.7,8.8,19.6,3.8,4.8,80.4,5872.2,31.2,342.6,3786.926751,2110.302676,0.1690550,0.4676375,12.86483,0.093844403,-0.30192142,12.7,0.207445,0.09338831,0.21506409,9,19,64,38,74,358,23.10584701,3.433089842,71.54551802,3.186502451,12.17264142,27.20065622,13.47469432,10.75656952,6.3,4.1,96.6,10.3,11.24,48.52941177
Connecticut,CT,15,68.7,9.7,0.1,4.2,5.2,7.1,71.9,47.9,38,8,19.71797717,1.829834068,36.75501748,71755,31.60471571,14.1,49.47,10.4,9.257081049,19.44093599,64.46928953,21.27279553,13.34553388,85.63455726,3.52636,3.65253,61.84333213,3.58552254,2.626051562,9.924623914,77.82864845,79.94245653,83.3,364.9,338.7,4.35,75.8,650.2,189.1,151.8,30.2,27.3,18.2,14.5,12.3,9.7,3.3,4.8,80.9,5415.9,46.2,227.1,7199.050946,3221.186594,0.0000000,0.0651323,14.86651,0.131493903,-0.40375899,10.5,0.123971,0.13000158,0.39063842,7.8,10,73,43,41,290,19.5498945,3.732403601,77.68168442,2.814276471,7.945904292,30.17761354,10.50442086,16.5364136,4.8,3.8,95.2,12.3,8.06,50
Delaware,DE,8.8,63.5,21.1,0.3,3.7,2.4,7.5,70.9,47.4,30.5,7.1,17.23195739,1.707508382,30.71647546,61017,37.72443615,17.6,44.88,12,11.47428224,20.46681713,61.77950854,26.63711441,17.65767891,83.58330183,3.464949,3.56514,67.98922263,3.988943596,3.20610596,11.33831514,66.2209482,78.26696844,65.7,492.2,404.9,2.1,70.9,739,218,173.4,41.9,39.1,21,19.3,15.1,12.6,6.7,7.9,78.8,7376,47.2,508.8,3950.613169,2906.203318,0.2232236,0.2061531,14.4694,0.05971384,-0.17200837,11.9,0.102552,0.10525169,0.21365482,8.9,18,57,31,53,430,23.1778793,5.662304516,73.440014,2.370100335,7.908792251,30.90646747,13.45013389,12.47326508,5.1,2.9,96.5,10.8,12.12,35.29411765
District of Columbia,DC,10.5,35.8,47.4,0.2,3.6,3.6,5.2,69.1,28.2,55.4,8.7,10.03666659,3.590722701,37.19272743,72935,54.02514675,25.8,53.34,17.9,8.523653171,17.84825794,63.02315612,16.16398392,14.68605392,88.40066116,2.842265,3.392815,53.42080753,2.342106504,2.902518495,9.315003263,75.99884629,74.75211904,77.6,1198.1,2590.2,2.92,70,753.7,260.6,176,23.6,34.9,19.2,21.3,8.6,5.8,14.3,7.1,78.2,,38.3,1205.9,9624.906544,4027.371391,0.0000000,0.2005526,14.99927,0.588047467,3.608868,12.7,0.356944,0.59698917,0.77179243,10.1,26,85,19,96,0,22.20773904,9.386880279,67.9542037,3.567991435,6.913170547,33.76557569,11.16195357,14.17108996,5.9,5.3,97.1,11.4,4.52,45.45454546
Florida,FL,24.1,55.6,15.4,0.2,2.6,6.8,16.4,59.8,46.2,27.9,8.4,18.51503437,2.913950567,37.26034597,48900,38.16116537,23.3,48.52,16.1,11.28845197,20.72086124,60.99228786,29.79725063,15.47759345,80.50790841,4.025981,3.568342,63.2219368,4.741460496,3.504416115,16.60597644,63.00648541,76.88136558,77,454.8,615.2,1.339,65.8,664.8,198.1,157,38.5,33.9,18.9,19.1,10.7,14.1,6.4,6.1,80.1,7179.8,53.6,430.3,1452.719035,1753.052778,0.1190794,0.2017827,15.45126,0.042007667,-1.0310164,11.4,0.209421,0.23392987,0.34808831,8.7,21,63,30,39,485,26.12724202,4.74634245,68.85101567,2.678733298,7.895805143,36.61064832,14.35114458,11.49523204,5.3,3.6,94.8,12,15.23,33.82352941
Georgia,GA,9.2,54.1,30.7,0.2,3.7,3,15.8,64,46.9,29.4,8.5,14.84572665,2.336541236,32.24866587,51037,37.33620367,25.4,48.16,17.8,11.2796779,20.2423384,55.22324642,29.42383335,17.88638205,80.90876981,3.836101,3.758098,65.77915872,4.570154078,3.749397302,16.64586472,63.05009811,73.8847967,70.3,570.8,588,0.37,63.2,804.8,241.4,168.9,46.1,43.1,34.4,22,18.5,12.5,6.9,7.5,77.6,7646.4,50.2,397.6,1275.663427,1957.192297,0.3579682,0.5059775,14.86444,0.024416239,-1.0301605,12.8,0.30477,0.24099388,0.36123692,9.8,26,63,30,27,515,26.73890856,6.220586985,74.25183487,2.334322338,8.477897186,32.23960329,14.68073335,6.969961898,5.1,3.5,96.4,14,15.52,35.29411765
Hawaii,HI,10,22.4,1.7,0.1,37,6.4,5.2,76.2,49.8,31.4,5.5,20.4670044,9.004712077,40.12742517,71977,29.02226815,14.1,43.69,10.8,8.525886288,16.39151701,58.74164368,20.79018934,13.05144165,85.24201164,3.467669,3.119027,57.61944519,3.57054097,3.046955627,7.374971445,72.74040896,76.61955491,89.5,498.3,233.1,3.2,72.8,585,180.2,137.8,17.1,35.3,16,15.4,11.2,12.9,2.2,6.1,82.3,5619.9,23.3,309.2,6114.111869,2297.827352,0.0000641,0.259985,12.1789,,,,0.113201,0.78505105,0.75770098,8.5,21,60,26,83,254,21.51738293,7.076669256,73.51712091,3.129558439,10.03155514,25.48389925,12.1838792,8.694041908,4.8,3.8,93.7,8.7,9.17,31.81818182
Idaho,ID,12,82.9,0.6,1.1,1.3,2,13.5,68.2,54.7,26.2,6.2,15.52321983,2.752861483,28.64737371,49174,24.82377246,19,44.57,15.2,8.085348094,22.66305991,60.58426975,20.21942579,14.48019336,84.12730049,3.759434,3.547581,64.49773879,3.933321207,2.578324773,14.13969915,63.30387175,59.66667935,84.4,344.5,79.2,0.57,62.1,726.6,203.7,156.6,46.1,36.6,26.3,22.3,8.9,20.4,2.1,6.1,79.3,6172.9,32.4,230.3,2143.565429,1550.727959,0.3332926,0.9629616,12.53171,0.053233967,-0.76683389,10.1,0.153344,0.00438893,0.00979934,7,23,44,37,52,438,22.68619395,4.238311862,77.68842861,2.463140309,11.20872678,25.98330113,14.78051606,7.991891369,8.3,3.6,95,12.1,16.18,25.75757576
Illinois,IL,16.6,62.2,14.1,0.1,5.1,4.7,9.7,68.8,47.8,32.9,8.2,17.01640774,2.615405183,32.77166521,59196,32.15636776,19.5,47.89,14,9.922932193,17.64552221,61.50320626,23.90893362,15.80194909,81.96678104,3.93444,3.438678,65.03850926,3.866344261,3.13895534,11.17461929,65.52840989,72.45969708,77.4,540.4,330.1,1.98,63.8,726.2,222.9,173.7,38.7,37.6,22.3,19.1,17.1,10.3,7,6.3,79.3,6502.8,54.8,436.3,4580.159366,2441.086595,0.1819589,0.4435571,15.22918,0.224399845,-0.69381316,12.5,0.194599,0.21051012,0.40634128,8.4,21,64,35,59,341,19.96255939,4.305030107,75.16385448,3.190393564,7.726429386,26.97862093,13.53992272,12.40529562,5.2,2.9,95.2,11.1,8.99,45.58823529
Indiana,IN,6.5,80.2,9.1,0.2,2,1.8,11.5,69.3,49.3,24.6,6.9,12.40029151,1.788348288,26.24284557,50433,33.34536873,21.2,44.94,15,11.43995919,21.16375427,57.15295716,26.79860091,21.14018267,81.53063213,4.130185,4.20681,67.17843266,4.859523655,3.992833899,12.6052441,61.87775518,67.32962673,74.1,437.9,195.7,0.995,64.6,830.1,241.7,182.7,55.5,40.7,30.8,25.9,18.3,14.5,6.2,7.5,77.3,8054.2,56.8,404.7,2598.55755,1761.226141,0.3171076,0.2683262,14.43437,0.027342089,-0.36614683,13.5,0.207803,0.06338606,0.13735609,8.2,26,52,37,26,385,22.95522723,5.895133174,78.05369022,2.292537147,9.558671565,33.93224202,10.81174829,12.32144078,7.8,3.2,94.3,15.2,12.44,30.3030303
Iowa,IA,5.6,87,3.2,0.3,2.1,1.6,6.4,75.6,52.7,27.2,4.5,12.07983641,1.594265761,23.72583876,54570,29.0485334,15.3,44.22,12.3,8.788076613,18.42483586,58.25745782,22.65559956,16.74289571,86.07616843,3.134704,3.266265,68.68296933,3.894807275,3.071047596,7.718094491,71.34892763,72.22785492,82.1,388.9,93.5,1.36,68.2,722.2,213.7,169.5,48,33.5,29.9,22,8.1,13.7,2.4,6.1,79.6,6191.3,48.9,290.6,2802.034841,2311.049578,0.2393286,0.5629488,13.91448,0.060111022,0.96669042,10.9,0.136798,0.00684059,0.0175603,6.8,19,62,36,33,287,20.75400347,5.271785309,79.51259799,2.654910516,9.388466239,29.90897717,8.343016128,10.08010307,4.6,2.1,96.7,10.7,13.54,39.70588235
Kansas,KS,11.3,76.8,5.6,0.7,2.7,2.4,10.5,73.9,52.3,31.6,5.3,12.18551106,2.029559317,25.70981254,53571,29.03253171,17.2,45.55,13.3,9.698391176,19.950257,56.25705097,23.50231381,17.22376508,84.58746917,3.240237,3.24351,66.72357833,3.87157286,2.908537079,11.69941554,66.60752871,70.01909337,77.4,394.8,118.6,1.29,66.4,761.8,220.7,168.2,49.8,38.7,22.4,20,16.7,16.4,4.3,5.9,78.6,6652.4,51.3,380.4,2430.289772,2132.990007,0.2096206,0.3900652,14.31638,0.026547602,-0.05019536,10.9,0.173044,0.04999236,0.12264752,7,25,58,35,39,331,21.02551523,3.639217474,79.97616161,2.596070836,10.86564983,30.87509486,14.11082546,10.68184037,5.6,2.5,95.3,14.5,14.47,41.17647059
Kentucky,KY,3.3,85.4,7.8,0.2,1.3,1.2,9.6,65,49.7,22.7,7.6,12.88847683,1.85698314,26.58459322,44811,34.24827416,25.7,47.41,18.8,13.44268772,26.5248689,53.1483046,29.78748479,24.47088085,77.53308995,5.01031,4.597971,69.07877465,6.751353974,4.460864855,12.14545252,61.82566691,72.86689481,61.3,395.2,179.6,0.6,69.7,917.1,260.5,202.1,64.7,41.8,33.3,26,19.9,16.3,5.6,6.7,75.8,9665.8,76.6,232.3,2099.68025,1903.237445,0.3284626,0.4146393,15.35352,0.046798788,-0.76377395,13.5,0.374987,0.0246266,0.05540364,9.1,32,54,36,29,519,27.10210113,3.320133673,73.60624397,2.104229396,12.01593133,33.54514979,14.6020949,7.451031556,6.6,3.5,96.1,17.3,19.17,29.41176471
Louisiana,LA,4.8,59.3,31.9,0.5,1.7,1.8,14.1,60.7,43.5,23,7.7,13.08272275,2.396907008,28.48287915,45652,43.94535047,27.8,49.03,19.7,12.69784473,23.01169282,49.73247967,29.11981993,22.77381619,78.11497266,4.265474,4.174686,69.23148478,5.83609052,3.966998708,17.57347264,56.6406738,73.16334486,56.9,695.2,504.7,1.08,64.1,886.6,274.6,187.3,44.7,45.1,37.7,25.5,23.6,13.7,12.5,8,75.9,9355.4,65.8,566.1,1273.393808,2036.000218,0.3718041,0.2597941,15.31982,0.074264628,-0.60238357,10.8,0.362078,0.20345625,0.35064887,10.6,34,63,23,27,761,27.29119375,4.664009372,76.87458142,2.083132695,10.4333324,34.03519204,15.60602638,11.02051651,5.6,3.6,96.5,18.3,17.72,38.23529412
Maine,ME,1.5,93.7,1.2,0.6,1.1,1.1,9.5,67.6,50.5,29.3,6,18.07083535,1.450166845,31.33572488,50826,31.99161555,17.9,45.15,13.5,9.858963704,23.95281537,64.83666543,20.60746003,19.76057535,83.63250226,4.374153,4.0634,65.18441662,5.152320143,3.082475517,10.75460272,63.59848047,75.80098496,81.7,298.1,128.5,2,75.9,753.3,196.7,178.8,48.7,33.6,25.2,22,12.6,15.9,1.9,5.8,78.9,6880.1,49.4,123.8,4279.511669,2137.262097,0.0000000,0.2023275,13.79078,0.089762226,0.45251153,10.3,0.158181,0.00045041,0.0016014,7.1,15,55,36,17,137,24.87564642,5.849835529,84.05610233,2.511289503,11.00257738,28.15829644,13.97764571,11.44780379,5.8,2.3,97.5,16.4,12.95,50
Maryland,MD,9.2,52.5,29.2,0.2,6,3.1,8.1,74.1,46.9,38.4,6.7,17.2015787,2.135943553,33.65890667,76067,34.00348227,13.3,45.13,9.9,10.29471996,17.24361989,64.04442367,23.14641076,13.68628614,85.57831777,3.196834,3.375411,64.59161565,3.789872034,2.832360714,10.77810984,68.62345932,76.71455013,79.8,459.3,657.8,2,69.5,708.4,222.3,163.9,31,37.7,15.5,19.2,11.8,9.3,8.3,6.6,79.4,7059.6,46.7,472,7304.670009,2944.712924,0.1054049,0.1254409,,0.0968909,-0.43916572,12.5,0.098077,0.29253333,0.42761552,8.5,17,62,37,64,329,15.34933986,2.158737427,75.15008931,2.920691501,6.258511122,33.59709352,10.25421513,10.39740151,6.4,3.1,94.6,10.1,9.27,61.76470588
Massachusetts,MA,10.9,73.7,6.6,0.1,6.1,5.7,3.2,74.3,46.4,41.2,6.8,17.4125177,1.879839258,35.890107,70954,30.90554781,14.9,48.26,11.4,8.924475119,20.14065126,66.03447972,19.99201962,13.61805295,85.89074977,3.555068,3.885017,60.23635983,4.03051687,2.688750204,8.761047789,73.66685835,80.58626278,81.4,357.3,338.4,3.51,75.3,667.7,179.8,160.3,31.9,28.2,19.4,14.8,14.5,8.6,2.1,3.9,80.7,5594.6,54.3,376.9,7149.257733,2752.057162,0.0000000,0.0543234,15.28909,0.246182902,-0.47970725,10.5,0.162834,0.07826776,0.22020805,7.5,9,68,46,67,125,15.79533873,2.438054562,79.783431,3.030726622,6.226942489,26.64413483,10.75656841,9.012690024,7,3.7,96.5,10.3,6.24,41.17647059
Michigan,MI,4.8,75.7,13.7,0.5,2.8,1.8,8.4,70.4,48,27.4,8.5,15.63185001,1.637889811,29.59762656,50803,34.01877559,22.8,46.48,16.3,10.73214217,22.52445754,60.27223396,23.88329072,20.42855668,81.97270251,4.447337,4.254071,67.49255226,5.149722361,3.514658701,12.77492411,70.08663724,73.98278072,75.3,469.1,174.6,2,69.6,782,254.2,175.1,45.6,37.6,28.6,22.9,14.5,13.2,6.8,6.4,78.1,7431.5,55.4,459,2442.75326,2079.399548,0.2054055,0.1915753,15.38997,0.038606128,-0.24138725,11.5,0.246416,0.11244567,0.26270841,8.5,19,60,32,41,414,22.50963003,4.896160158,76.99469903,2.69060035,7.448649841,31.95995467,11.29032656,9.434209021,6.3,3.5,94.9,14.3,9.6,33.82352941
Minnesota,MN,5.1,81.3,5.6,1,4.5,2.4,6.1,76.6,52.1,34.2,4.8,14.38371946,2.130322998,27.31088226,63217,27.87075861,13.9,44.90,10.8,7.556443795,17.54478684,62.91838354,17.98415714,15.2037811,87.30314435,3.08785,3.115392,64.75018588,3.543668567,2.50325118,9.470869812,73.94145945,75.73979344,89.2,389.3,171.3,3.04,73.3,649.8,164.3,157.5,36.1,33,25.2,18.9,10,12.5,2.3,5.1,81,5126.8,36.6,242.6,6430.648432,2489.783592,0.1264428,0.3692642,14.3121,0.096812327,0.59177973,12,0.124015,0.03130149,0.10989185,6.6,14,58,40,62,192,16.98350864,4.526290405,78.20338457,2.929746864,8.750228904,27.6666758,9.459079628,9.031399123,5.5,3,95.4,9.7,8.38,47.05882353
Mississippi,MS,2.9,57.2,37.4,0.4,1,0.8,14.6,58.2,44.6,21,9.6,15.21983468,2.80396031,28.69895696,40528,44.67811088,31.5,47.99,22.3,14.71567852,24.8044499,48.81188102,30.31567987,22.74065128,76.82763884,4.518564,4.311725,71.30431875,5.867523798,4.956898421,19.18855208,57.0272831,67.56624993,61.5,580.2,374,0.68,59.9,950.5,306.2,196.4,56.1,49.5,37.4,32,22.2,13.2,11,8.6,74.9,10207,70.2,280.5,932.8955923,1809.00781,0.4836823,0.804515,15.63716,0.00617508,-0.4491501,12.2,0.467025,0.20400878,0.34435486,11.5,35,61,20,22,625,27.23651605,2.089214522,69.50933005,1.698072785,11.65334378,37.00924244,12.81688132,13.00189299,4.5,3.3,95.3,18.7,26.09,21.21212121
Missouri,MO,3.9,80,11.5,0.4,1.8,1.1,11.3,69.7,49.3,27.6,6.6,13.39896694,1.62656458,27.77801196,49593,33.26586954,21.1,46.32,15.3,11.45195792,25.10408701,55.64716055,24.92991074,22.13770891,80.97869545,4.28981,4.168893,67.2396758,4.71997694,4.593277971,13.35232989,61.26656208,70.17873645,67.9,477.4,234,0.17,65.2,808.6,250.1,180.1,52.2,41,27.9,19.9,19,16.4,8.2,6.5,77.6,8016,56.6,519.4,1350.645485,1795.61685,0.3305270,0.6586922,15.51324,0.055311635,-0.1324699,10.2,0.224808,0.07815948,0.16173392,8.7,25,57,36,34,533,26.58085595,4.180699842,78.90357253,2.54825177,10.33920381,29.40231257,13.60409575,8.014681061,4.6,3.2,94.4,14.2,16.21,25
Montana,MT,3.4,86.8,0.4,6.3,0.7,0.5,13.7,66.8,51.7,29.9,5.6,15.20623866,2.089164504,28.54165607,48380,28.17135064,18.6,45.87,14.9,7.86426748,23.87843981,60.67961109,19.9046672,18.52979131,84.40854125,3.836343,3.383394,62.73645364,3.685683915,3.22638414,11.30619057,65.53933326,66.70356371,91.2,408.8,66.1,1.7,61.3,746.3,200.5,157.9,50.3,34.7,20.8,21.2,9.7,24.3,3.4,5.9,78.6,7388.9,41.1,368.3,3285.84949,2106.498869,0.0770486,0.6461157,12.77233,0.08099337,0.91824781,10.9,0.213425,0.03025007,0.06356573,7.9,25,52,37,58,366,25.66579265,5.72916063,73.7467093,2.314079201,13.4654115,23.23023278,13.73442885,11.31752319,7.4,3,93.1,12.9,18.69,33.33333333
Nebraska,NE,10.2,80.3,4.6,0.7,2.1,2.7,9.7,75.2,52.8,30,4.2,11.86074077,2.049000716,25.48366261,54384,28.56642613,16.4,44.20,12.4,8.789084097,17.82548825,58.8582949,22.44780035,16.99046395,85.32300952,3.293444,3.173331,68.54293693,3.761165708,2.788933203,12.0837974,68.68990387,67.18576228,82.4,422.9,131.6,0.64,65.5,719.6,199.5,163.3,49.7,34.5,24.2,22.2,10.4,12.4,3.7,6.2,79.6,5795.6,48.3,291,4277.048697,2563.324638,0.1431430,0.5635242,14.21868,0.068763047,0.15586331,12.1,0.146651,0.04010643,0.1089673,7,22,56,38,40,274,19.55095102,3.735126917,79.98249695,2.739692036,9.451484125,29.21774362,10.48225179,8.315029662,5.3,3.2,96.5,14.7,11.44,33.82352941
Nevada,NV,27.8,51.3,8.2,0.9,7.7,6.3,16.2,63.9,45.5,23.2,9.3,14.98785778,4.263409078,35.95688759,53094,36.55754118,21.3,45.22,14.9,9.687721857,20.30561417,63.05780705,24.67564542,16.4775461,79.05797007,4.402279,4.415466,62.28161915,4.387929001,3.308381762,16.04136197,60.3981962,67.02275905,80.9,455.3,371,1.8,61.5,762.2,249,164.4,54,35,23.3,14.7,11.8,19.3,6.1,5.7,78.5,7176.1,42.2,678.1,2973.384241,1731.316782,0.0699984,0.514982,15.61399,0.05107802,-1.7909493,12.5,0.170304,0.18769536,0.33119127,8.5,28,48,27,65,464,24.82788657,7.069457753,63.2594538,2.828611274,9.965559891,30.45880212,13.82716522,8.527409739,6.8,3.9,93,12.1,11.84,30.76923077
New Hampshire,NH,3.3,91.2,1.2,0.1,2.4,1.5,8.4,76.4,51.9,35.5,5.1,19.58118276,1.378283877,33.26198326,68485,27.89515823,11,43.44,8.5,8.110154862,20.07238877,66.68585386,19.33277931,18.00979493,85.94302087,3.833499,3.957729,63.48088229,4.162243231,2.57458813,10.2715608,71.94379896,76.86421872,86.4,233.3,107.6,1.78,74.5,702.9,189.1,166.4,41.5,28.1,24.2,18,10.4,15.7,1.4,3.7,79.9,6563.9,47.1,197.6,4676.973742,2581.98491,0.0000000,0.0710887,14.27291,0.065377732,0.14938146,10.5,0.057551,0,0,6.4,11,63,45,17,211,19.51697794,2.15004984,78.04171455,2.575530821,8.95808844,23.84099849,9.710112689,9.885987276,7.1,4.2,95,9.6,9.14,28.78787879
New Jersey,NJ,19.3,56.7,12.7,0.1,9.1,7.1,10.7,71.3,49.1,37.5,7.9,22.19101387,3.13187986,40.8637333,73702,29.45778134,15.6,47.82,10.9,8.990190778,17.19629146,64.13451424,29.75100036,13.97079235,82.45085127,3.740624,3.416463,63.80904858,3.922901892,2.830334358,12.8119902,73.38120833,74.93756604,81.6,350.6,473.7,2.7,64.8,670.7,213.3,158.9,29.7,31.6,18.3,18.7,13.8,7.9,4.7,4.1,80.6,5647.4,49.6,245,8102.769662,3814.595409,0.0905586,0,15.22218,0.22908534,-0.74995267,11.3,0.12328,0.23135192,0.49692661,8.1,12,73,41,55,221,18.77432528,2.715294988,81.34383409,3.182674617,6.969907737,31.67577502,13.86092309,10.42293928,4.2,2.4,95.8,11.1,6.75,51.47058824
New Mexico,NM,47.8,38.7,1.8,8.6,1.3,5.1,14.4,54.7,45.1,26.7,8.5,16.56872786,3.607758694,29.73912565,45674,39.80792125,29.8,47.54,20.9,11.49020749,22.46875747,56.86883719,20.26109269,16.6211912,78.33911695,4.508359,3.941715,64.94670856,4.035434698,3.323863868,12.75710426,62.25135728,63.40826659,76.9,605.7,186.5,1.66,58.5,743.9,192,146.9,44.6,32.6,19,27,12.3,21.8,7.5,6.2,78.3,8801.3,39.5,702.5,1744.121375,2253.552101,0.2012308,0.4454394,13.72777,0.057697258,-0.78435338,10,0.385649,0.38683597,0.55583228,9,35,54,20,59,335,27.94967799,6.244714011,67.7218265,2.622642236,12.57537973,24.92856004,18.31936974,12.50155892,7.4,3.8,96.6,17.6,20.23,33.82352941
New York,NY,18.6,56.4,14.4,0.2,8.1,8.1,8.6,66,44.5,34.7,7.5,16.48456061,5.074091817,39.88527958,60741,34.5166507,21.9,51.02,15.5,9.808082457,18.94042482,62.64120925,26.3411969,14.1755717,83.09131012,3.722426,3.533601,60.82850231,4.17789317,2.600445022,11.17449938,68.487985,73.93378934,80.5,524.7,768.8,4.35,68,644.4,223.7,155.6,29.8,26.1,11.6,17.4,9.6,8.1,3.5,4.5,81.1,5407.2,46.8,376.2,6215.265397,4043.528861,0.1611574,0.2728409,15.48669,0.466485551,-1.1421824,11.7,0.249952,0.29583246,0.50005207,7.9,15,68,33,57,256,15.38149124,2.512489808,76.91570591,3.186818554,5.216867401,31.75748873,11.32498438,14.96854034,5.1,3.3,95.3,12.5,5.42,51.47058824
North Carolina,NC,8.9,64,21.2,1.1,2.5,2.5,13.2,65.5,48.9,29,8.3,14.57564518,2.416973145,30.34217716,48256,35.48246529,23.9,47.48,16.8,10.6690904,21.63516519,56.72653178,23.26634779,17.87985476,81.70416079,3.741948,3.823577,66.84796508,4.745765334,3.845548358,16.24666456,63.63015618,74.65333737,77.2,647.4,354.9,0.45,72,782.4,220.3,170.3,45.6,43.2,31.9,23.1,16.4,12.9,6.2,7.2,78.1,7471.3,49,372.2,1700.661279,1897.940406,0.2976643,0.1236217,14.54567,0.016674024,-0.37193428,12.3,0.27472,0.13212963,0.23219912,9.2,24,56,30,23,341,23.22884223,3.640732271,70.1893739,2.016576768,9.766965985,30.93888986,13.28226738,9.816939336,5.3,3.7,95.4,15.1,14.94,42.64705882
North Dakota,ND,3.1,86.4,2,5.1,1.2,1,8.6,80,52,28.2,2.8,8.560343161,1.927166793,21.18539928,59114,27.22024468,13,45.86,11.2,8.724204131,17.11705567,59.55880456,22.1869218,19.77365304,85.18215215,3.070972,3.078579,68.10772348,4.109626989,2.852189697,8.158478431,66.1103447,71.41122883,82.4,427.2,53.4,0.44,64.4,697.8,198.8,154,36.9,34.2,36.3,21.2,12.2,17.3,2.3,6.5,79.7,6527.9,49.1,251.1,18899.9351,2589.710054,0.2526690,0.1810911,14.13851,0.090382656,0.95583043,10,0.148858,0.03403914,0.1082584,6.6,22,49,34,38,235,15.80232745,3.138867955,81.16843924,2.709521389,7.166742417,37.12095366,9.989731673,7.124304962,4.5,2.1,95.7,8.8,16.45,36.36363636
Ohio,OH,3.5,80,12.1,0.1,1.9,1.4,8.5,69.4,48,26.7,7.2,13.13392803,1.314824961,28.28459035,50674,35.3927065,22.1,46.41,15.4,11.03298744,20.55717836,57.09476922,25.90162245,22.5063684,82.00524496,4.091169,4.09084,66.25691484,4.916934531,3.579488777,10.68902011,67.88229667,73.69199843,70.1,489.3,212.5,1.6,67,819.9,245.9,181.9,49,40.5,29.1,25.4,14.5,13.3,5.9,7.4,77.5,8323.3,57,300.3,3408.773803,1992.420378,0.2226865,0.1894807,15.05086,0.052660555,-0.05334621,13.5,0.230469,0.07529835,0.17401336,8.7,23,57,36,41,449,27.70674329,5.319460921,72.14065085,2.607676563,10.73237675,33.14841148,12.3699251,14.66954394,6.4,2.9,95.3,14.8,11.08,42.64705882
Oklahoma,OK,9.8,66.9,7.1,7.1,2,2.2,15.7,63.1,50,24.5,6,12.56524119,2.782825864,25.76052001,48038,33.94834026,23.1,46.52,16.5,11.71829899,25.64934856,48.90491212,28.4636392,19.59327492,79.82801119,4.630267,4.363943,68.76077404,4.860869065,4.343595564,15.42440958,58.19469142,69.60893151,71.2,542.2,179.9,1.03,58.8,898.5,288.9,187.7,62.9,43.6,30.8,30.1,13.8,19.1,7.6,7.4,75.9,9170.6,59.9,449.8,2244.831609,1784.037085,0.3812097,0.4772511,14.68675,0.025299323,-0.61407479,10.3,0.309344,0.04486171,0.08861198,7.8,35,59,29,29,675,24.98772613,5.085594262,72.39946621,1.936404091,9.860343055,33.77230677,14.51839223,16.22932909,6.3,3.2,95.5,15.2,18.15,39.70588235
Oregon,OR,12.4,77,1.8,0.9,4,2.7,10.4,66.7,49.2,31.4,8.1,16.81681002,3.113773617,36.02450598,53270,30.46521245,20.4,46.12,15.7,10.68496953,26.23050651,63.5460524,17.23591311,16.21088514,83.59270738,3.943252,4.276638,62.62011132,4.479005263,3.174139925,10.96832028,67.87350886,67.07967509,91.9,410.7,193.7,1.32,68.8,711.7,187.8,165.9,41.6,37.5,30.3,23.4,7.5,17.8,2.8,4.6,79.8,5839.5,33.9,264.6,4332.557613,2201.587933,0.0546805,0.4920471,13.65244,0.175339736,-0.26239157,8.9,0.203746,0.00662879,0.01439941,6.5,19,54,36,68,370,22.55768412,3.023800021,74.48756441,2.81510511,10.7934661,20.32331193,16.47026835,6.988532477,9.4,4.3,95,14.6,12.17,51.47058824
Pennsylvania,PA,6.6,77.7,10.6,0.1,3.1,2.4,8,73,48,29.3,7.2,15.69599243,1.359330212,30.12270026,54895,33.54618449,19.1,46.80,13.3,10.36874831,19.79068372,60.71183056,22.88164273,17.95561317,83.42821159,4.127951,4.186711,65.42747324,4.633592605,3.508248035,11.07500424,66.42288284,70.51827077,72.9,418.1,314.4,2.6,68.1,761.8,228.4,174,38,37.4,19.5,21.9,16,13.5,5.6,6.1,78.6,7401,51.7,316.4,5200.556705,2382.113658,0.1168124,0.0374099,14.56981,0.188258445,-0.19939488,12.9,0.186219,0.09813012,0.25751826,8.2,18,57,39,47,383,20.49947799,4.272944694,77.16868369,2.80966589,8.549173483,31.73646217,13.70148992,12.90128904,5.7,3.7,94.7,12.5,9.69,35.29411765
Rhode Island,RI,14.1,74,5.4,0.4,3.2,5.3,8,70.3,44.5,32.5,7.7,17.49073713,1.637090484,37.08853354,58387,37.62472127,19.4,47.38,13.8,9.044387034,20.98173175,62.44731087,24.35405388,14.4304,84.3628175,4.001162,4.183838,63.71379981,4.001473354,2.276868282,10.34541913,75.82473748,80.84640177,79.7,433.6,259.5,3.75,73.6,701.7,200.4,169,35.1,27.5,24.7,17.8,9.8,10.8,2.7,5.7,80,5975.9,54,238.9,4731.587058,2707.725914,0.0000000,0,14.83071,0.189991319,-0.29991122,10.3,0.223294,0.10909428,0.2737609,8,14,57,35,52,192,22.68129195,6.770419511,74.50933257,2.982108826,8.184708234,36.29857737,10.40042289,10.68073017,6.5,4.6,94.9,12.8,5.16,51.47058824
South Carolina,SC,5.3,63.9,27.1,0.3,1.4,1.5,13.3,64.4,47.1,26.5,8.4,14.96442983,1.799633613,29.1781423,46898,39.07379725,25.3,46.90,17.2,11.83516237,23.30147586,52.86984127,26.87287559,20.0130001,79.96888336,4.403317,4.27217,67.40755296,4.594725569,3.83287005,15.75197167,59.9791539,71.32483155,73.4,569.9,394.6,0.57,68.8,834.1,240.3,175.3,48.6,45.9,39.2,22.5,15.6,14.7,8.2,7,77.1,8487.9,45.6,501.8,1248.830732,1970.859711,0.3156576,0.5745509,14.51286,0.016306475,-0.57343865,12.6,0.320558,0.13044785,0.22865672,9.6,26,58,28,17,411,24.3972002,3.63425872,71.21115357,1.990926485,9.053998886,32.85512413,14.2781257,14.92206798,4.2,3.9,95.3,13,21.52,30.88235294
South Dakota,SD,3.4,82.9,1.6,8.4,1.3,1.3,10.3,72.6,52,27.5,4.1,11.7687446,2.279514056,23.5221985,52078,31.48097388,18.4,44.38,14,9.329815854,20.76715211,57.52271804,18.92989703,18.10811899,86.97278127,3.294396,2.801094,66.88742139,4.817884708,2.206419499,8.936776385,70.28656194,74.87015018,77.7,462.9,73.3,1.53,65.6,707.2,204.4,162.6,41.9,36.6,36.4,23.1,6.6,18.5,3.4,4.8,79.3,6993.6,50.5,418.4,3378.838908,1733.035169,0.2458547,0.5289279,13.19193,0.052761831,0.70515187,10.8,0.180069,0.05018,0.1723131,6.8,26,55,34,36,441,22.66964487,3.571226976,81.02778614,2.710246613,12.14742377,31.39120031,11.24955405,8.401275757,4.7,3.2,96.1,10.6,16.2,19.6969697
Tennessee,TN,5,74.5,16.7,0.2,1.6,1.5,11.8,65.3,49.3,25.4,7.5,13.85760232,2.052450952,28.7207934,46574,35.42152784,25.1,47.86,17.2,12.66095782,24.86316244,54.88646552,28.42625077,22.08780772,79.53323656,4.651689,4.375698,68.60551193,5.366890891,4.843726139,12.37860062,59.05016315,71.05739937,74.9,477.5,297.4,0.62,65.6,882.9,266.1,187.3,53.4,45.4,39.9,24.2,14.4,15.3,7.3,7.4,76.2,8937.8,59.3,632.9,1811.923599,1656.05592,0.3392996,0.8040629,15.26359,0.022567858,-0.69581429,13.8,0.309961,0.11088795,0.21331775,9.3,31,53,33,25,424,24.56540101,3.95713166,74.76104816,2.026042813,11.19047959,37.67704971,10.3493752,6.202585795,5.8,3,95.1,13.4,16.06,27.94117647
Texas,TX,38.6,43.4,11.6,0.2,4.3,7.9,19.3,60.5,49.3,28.1,6.4,14.21475132,4.877898336,30.00779155,54727,33.14795686,23.9,48.03,16.7,11.43082158,16.73342899,57.46909571,25.18982499,14.26313588,81.68828521,3.598444,3.418299,68.41142342,3.710821999,2.557353288,17.88928136,59.43714526,66.44787514,78.4,523.6,368.9,1.41,60.1,744.9,226.2,157.3,41.2,41.7,31.2,21.2,16,12.2,5.4,5.7,78.9,6515.1,53.2,434.4,1720.291216,2262.550222,0.2562556,0.0832029,14.73668,0.038001391,-1.5415636,9.6,0.330128,0.38263752,0.59020069,8.4,35,56,28,36,567,23.9966308,4.023431036,72.6338298,2.5588905,10.97376274,33.32514988,14.33410256,5.018153526,4.7,2.8,94.2,14.3,14.48,26.47058824
Utah,UT,13.5,79.3,1,0.9,2.2,2.5,12,75.7,55.9,31.7,5.1,15.29083689,3.577328018,28.23783956,62518,18.26687241,13.4,42.61,11.7,7.035092048,17.33681394,62.43470567,15.68181606,8.78225641,88.29877112,3.298239,3.754076,60.37404961,2.445318971,2.158897987,11.73362764,72.86617329,67.08120592,89.6,293.3,116.4,1.7,71.7,709.4,199.2,130.4,33,38.2,29.5,24.7,14.9,21.4,2,5.4,79.7,6073.2,27.9,242.8,3224.16041,2114.444445,0.5156139,0.2624456,12.28404,0.053882837,-1.8353947,11.4,0.129145,0.01553116,0.04169488,7.2,18,56,38,75,203,16.61713136,2.82109087,74.93746031,3.270620138,9.082677185,19.22501973,13.22169995,9.345678231,7,3.2,94.4,11.5,9.87,28.78787879
Vermont,VT,1.7,93.4,1.1,0.3,1.5,0.7,5.3,68.2,49.4,36.2,5,21.16200648,1.817142279,35.35959737,56104,30.97877261,15.1,44.35,11.6,8.233865918,21.0355934,66.15034441,19.51082797,17.01971824,86.53545221,3.826645,3.892169,61.74627027,3.648319477,2.547469582,8.158846432,71.8837908,71.78143993,90,303.4,123.7,3.08,72.1,706.3,200.7,167.7,43,32.9,34.2,19.5,3.9,16.2,2.1,,79.9,5976.8,39.4,158.3,10596.22418,3327.50827,0.0210619,0,13.77682,0.083349574,0.78656883,10.7,0.108611,0,0,6.9,12,65,44,25,197,19.76473077,2.977868235,80.07530415,2.576741789,12.19044637,22.23010297,11.74657602,8.820750041,8.1,5.5,97.5,10.1,10.25,47.05882353
Virginia,VA,8.7,63.1,18.9,0.2,6,2.6,10.7,75.2,50,36.9,5.9,15.15886787,1.987943737,31.21160011,66149,29.81430758,15.1,46.73,11.4,10.3489084,17.54705413,59.91335445,23.32976632,15.29677425,83.68679613,3.573638,3.404471,65.45274036,3.638792829,2.878079451,13.42937995,70.51241055,75.91237003,80.5,424.5,307.7,0.3,70,721.7,207.9,165,36.2,38.5,22.9,19.8,17.3,12.8,4.4,5.8,79.5,6243.5,42.8,217.6,3855.587501,2403.285328,0.2696914,0.268434,14.80949,0.058473275,-0.28111848,12.7,0.125123,0.11778538,0.21791748,8.1,17,60,36,37,450,19.36883091,3.393702883,74.40562377,2.498525616,7.840910165,27.24410624,10.77494531,9.177131606,5.8,2.9,93.8,9.9,9.65,32.35294118
Washington,WA,12.1,70.4,3.5,1.1,7.7,3.9,9.8,70.3,50.6,33.6,6.8,16.36026917,3.135904912,33.90343269,62848,28.30814239,16.5,45.60,12.7,8.401753979,23.49381924,63.48549475,17.63725045,13.94537086,85.63410144,3.819223,3.748251,63.45666099,3.695285441,2.824141892,10.08264627,68.19415334,69.16549537,91.8,406.4,208.3,3.025,70,678.5,186.7,159.8,39,34.8,43.2,21.5,6.3,14.8,3.1,4.3,80.3,5360.2,32.7,302.2,6008.942168,2478.882084,0.0719092,0.2184759,13.82395,0.143418526,-0.52473714,11,0.170409,0.04538158,0.10444879,6.4,18,53,37,62,261,19.15591533,2.157197971,73.1086815,2.827072646,10.16143155,25.48741131,14.12577422,9.104693968,8,4,94.3,11.6,8.28,51.47058824
West Virginia,WV,1.4,92.4,3.4,0.2,0.7,0.3,9.6,63.4,50,19.6,7.5,11.12798672,1.415477747,21.46952179,42644,33.44495406,24.7,46.21,17.7,14.45943687,28.31595128,50.07929074,28.52084438,24.80541137,73.73665438,5.547781,5.030365,70.94572583,7.950898904,4.405277178,14.55243803,57.61915521,72.51472965,59.3,268,113.3,1.2,66.3,935.5,261.2,194.5,63.3,43.8,27.4,32.8,19.5,17.7,5.4,7.3,75.4,10382,75,358.1,3058.991481,2046.574496,0.3435224,0.4829974,15.70195,0.035160997,-0.50311486,13.2,0.316753,0,0,9.6,32,51,27,14,391,24.93978036,2.776722593,71.71839044,1.96300612,11.3284464,35.08345543,10.85543883,12.76521153,6.9,2.4,95.9,14.9,15.67,33.82352941
Wisconsin,WI,6.5,82.1,6.2,0.8,2.6,1.6,7.2,73.7,50.7,28.4,5.5,14.9861097,1.741416282,29.68090844,54610,31.22491235,17.5,44.35,12.7,8.376192396,19.09014391,62.11408236,19.9630662,17.05671784,84.04265219,3.821263,3.717943,66.24450233,4.63000437,2.592656143,10.44318109,72.56654419,75.66954891,83.5,423.5,122,2.52,73.4,714.7,206.7,166.7,38.9,35.1,25.5,19.2,13.8,13.8,3.8,6.3,79.7,6253.2,45,305.9,4295.923074,2312.831954,0.1350041,0.0572407,13.85086,0.093234063,0.21927272,11.5,0.135777,0.06623093,0.19330378,7.4,16,61,39,50,383,20.374048,4.352257086,78.75272924,2.64797913,8.45091638,29.53952439,10.68064996,10.60158917,5.2,2.5,94.1,10.7,10.88,38.23529412
Wyoming,WY,9.7,84.4,1.1,2,0.9,1.2,12.8,72.7,53.2,26,4.9,12.71537767,2.028768421,23.83153072,59143,27.80298261,13.9,42.79,11.6,8.394391687,22.14238336,58.22848092,23.14194095,18.94626493,84.34823683,3.880981,3.626582,64.24526447,3.975801923,3.042732138,14.42180998,66.7002416,61.04520554,87.6,348.7,59.7,0.6,60.9,738.1,205.7,148.9,55.8,32.6,23,17.1,11.5,25,3.4,5,78.7,7067.7,43.1,244.2,6516.881923,3523.850424,0.2875409,0.8971146,14.23513,0.069369454,0.54338638,11.2,0.077673,0.01493276,0.03183739,8.5,29,53,36,64,405,26.22324512,2.91162814,77.93884054,2.846976972,11.5622671,27.13410781,13.82275784,9.444342038,5,3.1,97.2,12.7,17.98,16.66666667